routine	key	size	epopenblas-omp1	epopenblas-omp4	parallel-blas-omp1	parallel-blas-omp4	migrated-serial	mig_par_omp1	mig_par_omp4	mig_ep_omp1	mig_ep_omp4
easum	-	64	1.6387	1.7568	1.8570	1.8543	1.7662	1.7662	1.7619	1.6414	1.7660
easum	-	128	1.8183	1.9429	1.9770	1.9745	1.6356	1.6356	1.6216	1.5134	1.6316
easum	-	256	1.8972	0.7339	2.0484	2.0476	1.5845	1.5845	1.5849	1.4811	1.1242
easum	-	512	1.9374	2.0727	2.0417	2.0421	1.5246	1.5246	1.5251	1.4263	1.5253
easum	-	1024	1.9400	2.0752	2.0807	2.0808	1.5291	1.5291	1.2394	1.3645	1.5284
easum	-	2048	1.9507	2.0960	2.0988	2.0989	1.2654	1.2654	1.5278	1.4185	1.3837
easum	-	4096	1.8780	2.1072	2.1084	1.8368	1.4244	1.4244	1.5280	1.4242	1.3902
easum	-	16384	1.8916	4.7648	1.9212	1.9905	1.4613	1.4613	1.4021	1.4129	1.4201
easum	-	65536	1.8013	6.4533	1.8432	1.7444	1.4328	1.4328	1.3940	1.4123	1.4131
eaxpy	-	64	1.2329	1.3195	1.3421	0.7818	1.3461	1.3461	1.3182	1.2602	1.3472
eaxpy	-	128	1.2999	1.3898	1.3422	1.3135	1.3784	1.3784	1.3488	1.2883	1.3791
eaxpy	-	256	1.3344	1.4284	0.7614	1.3645	1.3948	1.3948	1.3647	1.3045	1.3957
eaxpy	-	512	1.3529	1.4481	1.3946	1.3642	1.3949	1.3949	1.3647	1.3028	1.0479
eaxpy	-	1024	1.3574	1.4534	1.4032	1.2002	1.0659	1.0659	1.3730	1.3101	1.3358
eaxpy	-	2048	1.2196	1.3936	1.3118	1.2874	1.4078	1.4078	1.3771	1.0760	1.2571
eaxpy	-	4096	1.3613	1.3924	1.3262	1.0876	1.3423	1.3423	1.3197	1.2827	1.3592
eaxpy	-	16384	1.3519	4.5113	1.3173	1.2948	1.3217	1.3217	1.3000	1.3046	1.3123
eaxpy	-	65536	1.3453	4.9787	1.3386	1.3127	1.3377	1.3377	1.3461	1.2950	1.3144
ecopy	-	64	21.4606	21.4259	83.5346	84.8133	22.4672	22.4672	22.5254	22.0149	22.0286
ecopy	-	128	23.6673	20.6141	140.6236	141.9497	24.6366	24.6366	24.6495	20.6850	24.0407
ecopy	-	256	24.8220	24.8273	185.7970	185.5288	25.7170	25.7170	25.7007	25.1226	25.1303
ecopy	-	512	25.4614	25.4779	222.8472	223.7320	25.9897	25.9897	25.9798	25.3917	25.3905
ecopy	-	1024	25.6517	25.6529	150.6120	152.1534	22.4370	22.4370	26.1508	25.2352	25.2408
ecopy	-	2048	25.4633	25.5745	111.8286	110.8169	24.4403	24.4403	24.9682	25.6611	25.7785
ecopy	-	4096	24.8231	25.9339	106.8153	91.6719	25.3484	25.3484	24.9698	25.5853	25.8554
ecopy	-	16384	25.9264	80.6894	69.7679	72.1768	25.6508	25.6508	25.4027	25.8122	25.8154
ecopy	-	65536	26.0425	96.5978	69.5244	71.1338	26.4888	26.4888	25.7402	25.5302	25.8803
edot	-	64	2.5076	2.4944	2.5404	2.4219	2.2976	2.2976	2.2205	2.2484	2.2565
edot	-	128	2.6642	2.6658	2.6577	2.5396	2.2623	2.2623	2.1602	2.1599	2.1653
edot	-	256	2.7424	2.7497	2.7270	2.6044	2.2456	2.2456	2.1435	2.1498	2.1556
edot	-	512	2.7793	2.7796	2.7312	2.6098	2.2231	2.2231	2.1246	2.1240	2.1244
edot	-	1024	2.7299	2.6524	2.1650	2.6458	2.2326	2.2326	2.1286	2.1336	2.1339
edot	-	2048	2.2713	2.2741	2.4134	2.2721	2.0196	2.0196	2.1360	2.1360	2.1231
edot	-	4096	2.2225	2.2390	2.3882	2.2338	2.0616	2.0616	2.0982	2.0920	2.1157
edot	-	16384	2.1394	6.2687	2.1760	2.0716	1.9986	1.9986	1.9754	1.9796	1.9950
edot	-	65536	1.9708	7.3619	2.1636	2.0649	2.0190	2.0190	1.9704	1.9724	1.9902
egbmv	N	128	1.0577	1.0533	1.1619	1.1904	1.2089	1.2089	1.1913	1.1857	1.1898
egbmv	N	256	1.0305	1.0311	1.1619	1.1651	1.1644	1.1644	1.1556	1.1603	1.1639
egbmv	N	512	1.0036	2.6422	1.1554	1.1485	1.1245	1.1245	1.1493	1.1471	1.1508
egbmv	N	1024	1.0049	2.7576	1.1342	1.1442	1.1979	1.1979	1.1439	1.1285	1.1447
egbmv	T	128	2.1822	2.1484	2.1984	3.5412	2.2246	2.2246	2.1265	2.1170	2.0742
egbmv	T	256	2.1453	2.1172	2.1666	4.7121	2.1461	2.1461	2.0871	2.0827	2.0588
egbmv	T	512	2.0713	3.7705	2.0838	5.6734	2.0799	2.0799	2.0415	2.0253	1.9838
egbmv	T	1024	2.0101	4.1169	2.0393	6.3054	2.0345	2.0345	1.9877	1.9833	1.9404
egemv	N	128	1.6393	3.4863	1.8116	3.5610	1.8093	1.8093	1.8130	1.8115	1.8173
egemv	N	256	1.6576	5.2835	1.8631	5.6308	1.8952	1.8952	1.8570	1.8462	1.8600
egemv	N	512	1.6813	5.9997	1.9209	6.7761	1.9009	1.9009	1.8755	1.8602	1.8743
egemv	N	1024	1.4938	5.5191	1.7331	5.9416	1.7354	1.7354	1.7360	1.6611	1.7252
egemv	N	2048	1.4746	4.1429	1.7049	4.2018	1.7004	1.7004	1.7036	1.6026	1.6517
egemv	T	128	2.6208	5.7134	2.7579	5.7369	2.1858	2.1858	2.0618	2.0858	2.0593
egemv	T	256	2.5209	8.0548	2.6064	8.8654	2.1912	2.1912	2.0730	2.0444	2.0459
egemv	T	512	2.4075	9.5284	2.6745	9.5698	2.1883	2.1883	2.1565	1.9493	2.0793
egemv	T	1024	1.6751	6.3313	1.7748	6.4412	1.6660	1.6660	1.6628	1.5762	1.6393
egemv	T	2048	1.6483	4.3252	1.7543	4.3126	1.6472	1.6472	1.6178	1.5634	1.6415
eger	-	128	1.1424	3.7692	1.1610	3.8224	1.1741	1.1741	1.1770	1.1755	1.1777
eger	-	256	1.1852	4.4425	1.2577	4.4312	1.2527	1.2527	1.1997	1.2000	1.2167
eger	-	512	1.2138	4.6386	1.2755	4.5685	1.2793	1.2793	1.2817	1.2488	1.2599
eger	-	1024	1.0204	2.2279	1.0907	2.2505	1.0885	1.0885	1.0780	1.0435	1.0761
erot	-	64	1.8926	1.8912	1.8045	1.8451	1.8016	1.8016	1.8407	1.7999	1.8032
erot	-	128	1.9563	1.9569	1.8448	1.8851	1.7459	1.7459	1.8826	1.8421	1.8416
erot	-	256	2.0129	2.0128	1.7813	1.4388	1.9238	1.9238	1.9238	1.8819	1.8820
erot	-	512	1.9566	1.8047	1.9456	1.9470	1.7835	1.7835	1.6174	1.9027	1.9030
erot	-	1024	1.9193	1.8985	1.8000	1.8101	1.9543	1.9543	1.9543	1.8633	1.7635
erot	-	2048	1.9215	1.9590	1.8828	1.8697	1.8025	1.8025	1.8101	1.8635	1.8644
erot	-	4096	1.9805	1.9632	1.8498	1.8534	1.8894	1.8894	1.8782	1.6413	1.8465
erot	-	16384	1.9663	6.3298	1.8615	1.8553	1.9148	1.9148	1.9538	1.8102	1.8174
erot	-	65536	1.8569	6.6051	1.9301	1.8824	1.9163	1.9163	1.8790	1.7274	1.8332
erotg	-	200	0.5722	0.5749	0.7057	0.7275	0.5936	0.5936	0.6035	0.5701	0.5698
erotm	-	64	1.2062	1.2072	1.2727	1.3015	1.2645	1.2645	1.3021	1.2101	1.2108
erotm	-	128	1.2471	1.2478	1.3107	1.3398	1.3105	1.3105	1.3368	1.2527	1.2522
erotm	-	256	1.2442	1.2826	1.0463	1.0531	1.3428	1.3428	1.3722	1.2827	1.2852
erotm	-	512	1.3010	1.2927	1.3637	1.3932	1.1376	1.1376	1.1672	1.2757	1.3012
erotm	-	1024	1.3085	1.3029	1.1899	1.3170	1.4006	1.4006	1.3393	1.3091	1.2903
erotm	-	2048	1.3111	1.3113	1.3582	1.3420	1.2880	1.2880	1.2876	1.2907	1.3145
erotm	-	4096	1.3121	1.3158	1.3520	1.3528	1.3175	1.3175	1.3469	1.2606	1.3159
erotm	-	16384	1.3107	4.1279	1.3375	1.3361	1.3886	1.3886	1.3941	1.3107	1.3147
erotm	-	65536	1.2422	4.2636	1.3998	1.3963	1.3930	1.3930	1.3747	1.2471	1.3161
erotmg	-	200	0.7003	0.7315	0.7753	0.7584	0.6769	0.6769	0.6658	0.2120	0.6656
esbmv	L	128	1.8077	1.7294	1.7421	1.7203	1.8323	1.8323	1.7208	1.7930	1.7110
esbmv	L	256	1.7516	2.9809	1.7790	1.6705	1.7252	1.7252	1.6917	1.7471	1.6704
esbmv	L	512	1.7330	3.3396	1.6811	1.6911	1.6895	1.6895	1.7295	1.7298	1.6519
esbmv	L	1024	1.6523	3.6262	1.6687	1.7088	1.6795	1.6795	1.7180	1.6410	1.6419
esbmv	U	128	1.7934	1.7875	1.8116	1.7921	1.7735	1.7735	1.7842	1.7888	1.7552
esbmv	U	256	1.6349	3.1748	1.7928	1.7333	1.7444	1.7444	1.7390	1.3141	1.7323
esbmv	U	512	1.7353	3.4357	1.7573	1.7231	1.7454	1.7454	1.7150	1.7015	1.7068
esbmv	U	1024	1.5911	3.7643	1.7337	1.6907	1.5716	1.5716	1.6560	1.3886	1.7013
escal	-	64	0.5881	0.6985	0.5466	0.7015	0.2959	0.2959	0.6928	0.6615	0.6932
escal	-	128	0.7308	0.7693	0.7448	0.7611	0.7408	0.7408	0.7579	0.7240	0.7576
escal	-	256	0.7743	0.8105	0.7780	0.7951	0.7759	0.7759	0.7478	0.7584	0.7939
escal	-	512	0.7952	0.8320	0.7890	0.7335	0.7878	0.7878	0.8058	0.7699	0.8057
escal	-	1024	0.7878	0.8390	0.7250	0.8190	0.7618	0.7618	0.7252	0.7818	0.8181
escal	-	2048	0.8040	0.7785	0.7813	0.8242	0.8055	0.8055	0.8193	0.7872	0.7606
escal	-	4096	0.8079	0.8134	0.7775	0.7600	0.7816	0.7816	0.8147	0.7799	0.7664
escal	-	16384	0.8101	2.6184	0.7976	0.7822	0.7960	0.7960	0.8010	0.6524	0.7901
escal	-	65536	0.8116	2.8451	0.8057	0.7830	0.8121	0.8121	0.8104	0.7918	0.7918
espmv	L	128	1.6508	1.7164	1.9158	1.9156	1.8813	1.8813	1.8836	1.8107	1.8791
espmv	L	256	1.6969	5.8253	1.9568	1.9712	1.9514	1.9514	1.9492	1.8423	1.8506
espmv	L	512	1.7194	6.7297	1.9948	1.9819	1.9946	1.9946	1.9937	1.8681	1.9667
espmv	L	1024	1.6697	7.0009	1.9718	1.9649	1.9709	1.9709	1.9608	1.7913	1.9595
espmv	U	128	1.0933	1.6217	1.7922	1.7700	1.8033	1.8033	1.7505	1.6242	1.7942
espmv	U	256	1.5649	5.4233	1.8558	1.8386	1.9152	1.9152	1.8347	1.7733	1.8412
espmv	U	512	1.6000	6.0623	1.9452	1.9434	1.9569	1.9569	1.9482	1.8133	1.8698
espmv	U	1024	1.5004	6.4198	1.9625	1.9741	1.9760	1.9760	1.9714	1.7567	1.9514
espr	L	128	0.9683	1.0744	1.0606	1.9437	1.0418	1.0418	1.0034	1.0219	1.0606
espr	L	256	1.0063	3.2717	1.1017	2.2072	1.1077	1.1077	1.0232	1.0319	1.0464
espr	L	512	1.0582	3.7930	1.1143	2.3712	1.1278	1.1278	1.0548	1.0393	1.1002
espr	L	1024	0.8815	2.5445	0.9812	1.9230	0.9813	0.9813	0.9232	0.8936	0.9742
espr	U	128	1.1382	1.1685	1.1739	2.0769	1.1293	1.1293	1.1312	1.1252	1.1353
espr	U	256	1.0909	3.4049	1.1769	2.3247	1.2113	1.2113	1.1811	1.1684	1.1739
espr	U	512	1.1791	3.7795	1.2820	2.3506	1.2847	1.2847	1.2166	1.2023	1.2337
espr	U	1024	1.0446	2.5209	1.0959	2.0254	1.0897	1.0897	1.0904	1.0425	1.0922
espr2	L	128	1.6323	1.7309	1.6455	3.2357	1.7305	1.7305	1.6126	1.6041	1.7237
espr2	L	256	1.6727	5.4975	1.7511	3.6789	1.7534	1.7534	1.7023	1.6589	1.7017
espr2	L	512	1.7157	6.1548	1.7803	3.8263	1.7876	1.7876	1.7778	1.7476	1.6939
espr2	L	1024	1.5161	4.6658	1.6065	3.4054	1.6116	1.6116	1.6078	1.5343	1.5373
espr2	U	128	1.6654	1.8390	1.4998	3.3944	1.8020	1.8020	1.7854	1.5052	1.8034
espr2	U	256	1.7678	5.5024	1.6475	3.6429	1.9512	1.9512	1.8697	1.4426	1.8455
espr2	U	512	1.8035	6.1490	1.7394	3.7188	1.9311	1.9311	1.8696	1.8717	1.8695
espr2	U	1024	1.6711	4.7977	1.6083	3.4126	1.7550	1.7550	1.7517	1.6661	1.7155
eswap	-	64	22.6513	9.6983	25.4102	25.3967	25.4347	25.4347	25.3463	23.6607	24.7418
eswap	-	128	23.7554	24.8748	26.4597	26.4526	26.4308	26.4308	26.4186	24.6072	25.7727
eswap	-	256	24.3450	25.4708	26.9698	26.9734	26.9584	26.9584	26.9591	25.1694	26.3615
eswap	-	512	24.0351	25.6924	24.4589	25.6457	25.6599	25.6599	27.1433	25.3609	21.8631
eswap	-	1024	24.5408	23.9418	25.9091	24.1261	27.3072	27.3072	23.1536	25.5076	26.7095
eswap	-	2048	24.7238	24.4186	24.5521	25.0400	26.0070	26.0070	26.2773	24.6989	26.4040
eswap	-	4096	24.7674	25.3319	25.9478	25.2553	25.7205	25.7205	26.5262	25.5946	25.6366
eswap	-	16384	24.6258	85.0541	25.2609	25.7536	27.1536	27.1536	25.7217	25.6250	25.5794
eswap	-	65536	24.8157	71.9040	26.8647	26.7592	26.8626	26.8626	26.2665	25.3840	25.5584
esymv	L	128	1.5638	1.6538	1.9014	4.5494	1.8763	1.8763	1.7712	1.7746	1.8154
esymv	L	256	1.6376	5.9494	1.9591	6.3041	1.9207	1.9207	1.8546	1.8009	1.8436
esymv	L	512	1.6593	6.7446	1.9933	7.0606	1.9872	1.9872	1.9661	1.8651	1.9096
esymv	L	1024	1.5531	6.8781	1.9206	6.9893	1.7934	1.7934	1.8714	1.7394	1.9221
esymv	U	128	1.6253	1.6197	1.8046	4.8356	1.8147	1.8147	1.7859	1.7882	1.7972
esymv	U	256	1.6535	5.4457	1.8243	6.4717	1.9134	1.9134	1.8424	1.8427	1.8423
esymv	U	512	1.6813	6.0852	1.9853	7.0739	1.9591	1.9591	1.8670	1.8337	1.8620
esymv	U	1024	1.5980	6.2849	1.8936	7.0650	1.9290	1.9290	1.9134	1.7678	1.8268
esyr	L	128	1.0579	1.0588	1.0828	3.1266	1.0841	1.0841	1.0113	1.0772	1.0796
esyr	L	256	1.0533	3.4084	1.0523	4.0384	1.0865	1.0865	1.0666	1.0403	1.0635
esyr	L	512	1.0598	3.7763	1.0965	4.3980	1.1184	1.1184	1.1118	1.0814	1.0950
esyr	L	1024	0.8734	1.9324	0.9178	2.2206	0.9136	0.9136	0.8889	0.8810	0.9090
esyr	U	128	1.1688	1.1575	1.1320	2.8991	1.1306	1.1306	1.1281	1.1222	1.1759
esyr	U	256	1.1936	3.2603	1.1869	3.9301	1.1829	1.1829	1.2051	1.2330	1.1867
esyr	U	512	1.2000	3.6274	1.2248	4.3281	1.2447	1.2447	1.1961	1.2151	1.1970
esyr	U	1024	0.9880	2.2354	1.0414	2.2431	1.0475	1.0475	1.0326	0.9978	1.0163
esyr2	L	128	1.6287	1.7029	1.7479	3.1046	1.6524	1.6524	1.6154	1.6150	1.6922
esyr2	L	256	1.6691	5.4208	1.8937	4.0611	1.7698	1.7698	1.7123	1.6807	1.6945
esyr2	L	512	1.7042	5.9521	1.9272	4.2199	1.7771	1.7771	1.7625	1.6788	1.7163
esyr2	L	1024	1.4517	4.0743	1.6592	3.3487	1.4786	1.4786	1.5345	1.4559	1.5346
esyr2	U	128	1.7970	1.8057	1.5638	3.3354	1.8021	1.8021	1.8062	1.8445	1.8329
esyr2	U	256	1.9076	5.5373	1.6391	3.5859	1.9373	1.9373	1.9081	1.8945	1.9061
esyr2	U	512	1.8089	5.9940	1.7689	3.6622	1.9845	1.9845	1.9154	1.8684	1.8622
esyr2	U	1024	1.6242	3.9635	1.5736	3.1676	1.6831	1.6831	1.6668	1.6206	1.6453
etbmv	LNN	128	0.9900	0.9904	1.1491	1.1237	1.1964	1.1964	1.1667	1.1435	1.1402
etbmv	LNN	256	0.9670	1.6058	1.1216	1.0965	1.1557	1.1557	1.1315	1.1044	1.1061
etbmv	LNN	512	0.9556	1.8689	1.1112	1.0861	1.1450	1.1450	1.1191	1.0936	1.0926
etbmv	LNN	1024	0.9474	2.0005	1.1041	1.0790	1.1316	1.1316	1.1134	1.0868	1.0876
etbmv	LNU	128	1.0453	1.0427	1.2174	1.1902	1.2776	1.2776	1.2494	1.2175	1.2177
etbmv	LNU	256	1.0143	1.6073	1.1867	1.1587	1.2400	1.2400	1.2139	1.1788	1.1774
etbmv	LNU	512	1.0025	1.8615	1.0706	1.1471	1.2196	1.2196	1.1919	1.1651	1.1649
etbmv	LNU	1024	0.9969	2.0000	1.1644	1.1388	1.2057	1.2057	1.1849	1.1585	1.1580
etbmv	LTN	128	2.5045	2.4362	2.5694	2.4892	2.5264	2.5264	2.4968	2.4427	2.3911
etbmv	LTN	256	2.4391	1.9461	2.4945	2.4363	2.4922	2.4922	2.4298	2.4009	2.3289
etbmv	LTN	512	2.3855	2.3339	2.4472	2.4126	2.4509	2.4509	2.4046	2.3606	2.2809
etbmv	LTN	1024	2.2640	2.5337	2.3405	2.3157	2.3442	2.3442	2.3196	2.2500	2.1900
etbmv	LTU	128	2.5237	2.0345	2.5849	2.5340	2.6012	2.6012	2.5568	2.5270	2.3569
etbmv	LTU	256	2.4672	1.7885	2.5225	2.4689	2.5480	2.5480	2.4892	2.4649	2.3764
etbmv	LTU	512	2.4282	2.3279	2.4906	2.4375	2.5056	2.5056	2.4629	2.4156	2.3298
etbmv	LTU	1024	2.3147	2.5239	2.3792	2.3536	2.3946	2.3946	2.3703	2.3109	2.2411
etbmv	UNN	128	1.0284	1.1053	1.1230	1.1003	1.2101	1.2101	1.2135	0.9967	1.1337
etbmv	UNN	256	0.9941	1.7350	1.1079	1.1276	1.0925	1.0925	1.0814	1.1040	1.1071
etbmv	UNN	512	0.9085	1.7765	1.0812	1.0821	1.1096	1.1096	1.0644	1.0932	1.0899
etbmv	UNN	1024	1.0114	2.0788	1.0731	1.0518	1.1075	1.1075	1.0818	1.0605	1.0853
etbmv	UNU	128	1.0927	1.1118	1.1605	1.2116	1.2492	1.2492	1.2460	1.2505	1.2224
etbmv	UNU	256	1.0804	1.7867	1.2091	1.1730	1.2093	1.2093	1.2079	1.1762	1.1782
etbmv	UNU	512	1.0884	1.9927	1.1814	1.2043	1.2467	1.2467	1.2472	1.1917	1.1645
etbmv	UNU	1024	1.0806	2.0693	1.2077	1.2099	1.2399	1.2399	1.2394	1.1277	1.1583
etbmv	UTN	128	1.9722	1.9418	2.4958	2.4855	2.4694	2.4694	2.4449	2.3656	2.2362
etbmv	UTN	256	1.9339	2.0889	2.4233	2.4171	2.3961	2.3961	2.4059	2.3058	2.1841
etbmv	UTN	512	1.9021	2.2823	2.3428	2.3886	2.3229	2.3229	2.3719	2.2217	2.0178
etbmv	UTN	1024	1.7513	2.5093	2.1851	2.2396	2.1851	2.1851	2.2025	2.0486	1.9733
etbmv	UTU	128	1.9503	1.9146	2.5135	2.5325	2.5138	2.5138	2.5215	2.3406	2.2929
etbmv	UTU	256	1.8942	2.0936	2.4604	2.4504	2.4318	2.4318	2.4316	2.2862	2.1974
etbmv	UTU	512	1.8645	2.3336	2.3648	2.4216	2.3357	2.3357	2.2998	2.2066	2.0606
etbmv	UTU	1024	1.8249	2.5172	2.2364	2.1756	2.2154	2.2154	2.1601	1.9851	2.0050
etbsv	LNN	128	0.8207	1.2229	1.2070	1.2015	1.2100	1.2100	1.2100	0.7725	1.2100
etbsv	LNN	256	1.1614	1.1888	1.1723	1.1499	1.1815	1.1815	1.1816	1.1535	1.1819
etbsv	LNN	512	0.5444	0.5502	0.5489	0.5516	0.5533	0.5533	0.5434	0.5237	0.5534
etbsv	LNN	1024	0.0221	0.0236	0.0237	0.0234	0.0237	0.0237	0.0237	0.0228	0.0237
etbsv	LNU	128	1.2527	1.2756	1.3081	1.3124	1.3210	1.3210	1.3169	1.2856	1.3173
etbsv	LNU	256	1.2135	1.2392	1.2467	1.2712	1.2811	1.2811	1.2816	1.0087	1.2801
etbsv	LNU	512	0.1072	0.1178	0.1182	0.1158	0.1181	0.1181	0.1183	0.1104	0.1183
etbsv	LNU	1024	0.0215	0.0226	0.0226	0.0226	0.0226	0.0226	0.0226	0.0214	0.0226
etbsv	LTN	128	2.2360	2.3416	2.2788	2.2962	2.2341	2.2341	2.2212	2.1582	2.2603
etbsv	LTN	256	2.1874	2.2864	2.2250	2.2271	2.1766	2.1766	2.1789	2.1002	2.1989
etbsv	LTN	512	0.4881	0.5029	0.5114	0.5119	0.5064	0.5064	0.5091	0.4860	0.4976
etbsv	LTN	1024	0.0234	0.0250	0.0249	0.0251	0.0249	0.0249	0.0251	0.0240	0.0250
etbsv	LTU	128	2.5219	2.5755	2.5385	2.5419	2.4655	2.4655	2.4888	2.4345	2.4889
etbsv	LTU	256	2.4501	2.5044	2.4663	2.4829	2.4211	2.4211	2.4257	2.3800	2.4343
etbsv	LTU	512	0.1167	0.1185	0.1196	0.1193	0.1186	0.1186	0.1187	0.1145	0.1191
etbsv	LTU	1024	0.0226	0.0231	0.0235	0.0237	0.0227	0.0227	0.0238	0.0226	0.0235
etbsv	UNN	128	1.0196	1.0472	1.0158	1.0862	1.1857	1.1857	1.0953	1.1567	1.1290
etbsv	UNN	256	0.9772	1.0148	1.0982	1.0115	1.0896	1.0896	1.0713	1.1007	1.1016
etbsv	UNN	512	0.9292	0.9451	1.0188	0.9878	1.0441	1.0441	1.0194	1.0188	1.0275
etbsv	UNN	1024	0.0214	0.0226	0.0227	0.0225	0.0228	0.0228	0.0228	0.0217	0.0229
etbsv	UNU	128	1.1353	1.1596	1.2609	1.2654	1.2801	1.2801	1.2816	1.2541	1.2874
etbsv	UNU	256	1.1011	1.1275	1.2324	1.2326	1.2461	1.2461	1.2484	1.2237	1.2496
etbsv	UNU	512	0.1515	0.1511	0.1568	0.1572	0.1571	0.1571	0.1577	0.1494	0.1570
etbsv	UNU	1024	0.0207	0.0218	0.0219	0.0219	0.0219	0.0219	0.0219	0.0205	0.0219
etbsv	UTN	128	2.4211	2.4903	2.3110	2.3111	2.2912	2.2912	2.2736	2.2547	2.2903
etbsv	UTN	256	2.3646	2.4189	2.2538	2.2484	2.2264	2.2264	2.2230	2.2011	2.2506
etbsv	UTN	512	2.1993	2.1764	2.0931	2.0965	2.0819	2.0819	2.0820	1.3966	2.0061
etbsv	UTN	1024	0.0230	0.0241	0.0242	0.0242	0.0242	0.0242	0.0238	0.0224	0.0241
etbsv	UTU	128	2.4407	2.6164	2.6194	2.5612	2.6120	2.6120	2.5613	2.5538	2.5935
etbsv	UTU	256	2.5014	2.5500	2.5542	2.4996	2.5172	2.5172	2.4770	2.4822	2.5507
etbsv	UTU	512	0.1515	0.1604	0.1599	0.1559	0.1594	0.1594	0.1568	0.1537	0.1604
etbsv	UTU	1024	0.0217	0.0231	0.0230	0.0230	0.0230	0.0230	0.0231	0.0218	0.0230
etpmv	LNN	128	1.0129	1.8215	1.0757	1.0767	1.0755	1.0755	1.0661	1.0047	1.0076
etpmv	LNN	256	1.0374	2.1294	1.1040	1.0625	1.1041	1.1041	1.1042	1.0316	1.0463
etpmv	LNN	512	1.0455	4.2190	1.1266	1.1241	1.1251	1.1251	1.1274	1.0500	1.0961
etpmv	LNN	1024	0.9938	4.4125	1.0923	1.1125	1.1051	1.1051	1.1202	1.0252	1.0891
etpmv	LNU	128	1.0523	1.8246	1.0899	1.0801	1.0935	1.0935	1.0815	1.0462	1.0294
etpmv	LNU	256	1.0703	2.1334	1.1132	1.1109	1.1101	1.1101	1.1125	1.0661	1.0553
etpmv	LNU	512	1.0983	4.2223	1.1297	1.1300	1.1304	1.1304	1.1194	1.0501	1.0518
etpmv	LNU	1024	1.0608	4.4209	1.1139	1.1148	1.1149	1.1149	1.1086	1.0654	1.1069
etpmv	LTN	128	1.6932	2.7255	2.0626	2.2270	2.2337	2.2337	2.2277	2.0293	1.8561
etpmv	LTN	256	2.1217	2.5825	2.1792	2.1875	2.2114	2.2114	2.2174	2.1983	2.0394
etpmv	LTN	512	2.1316	7.0126	2.1992	2.2148	2.2127	2.2127	2.2235	2.1195	2.0746
etpmv	LTN	1024	1.8266	7.3713	2.0429	1.9623	2.1047	2.1047	1.9321	1.9284	1.9772
etpmv	LTU	128	2.1405	2.8571	2.2741	2.1250	2.2531	2.2531	2.1129	2.1403	2.0741
etpmv	LTU	256	2.1209	3.5374	2.2130	2.0870	2.2221	2.2221	2.0817	2.1206	2.0628
etpmv	LTU	512	2.0341	7.3009	2.2118	2.1265	2.1836	2.1836	2.1477	2.1034	2.0798
etpmv	LTU	1024	1.9629	7.3768	2.0864	2.1212	2.1059	2.1059	2.1187	1.9219	2.0815
etpmv	UNN	128	1.1510	1.6160	1.1899	1.1698	1.0035	1.0035	1.0247	0.9764	0.9940
etpmv	UNN	256	1.1468	1.8563	1.2111	1.1955	1.0592	1.0592	1.0521	0.9684	1.0312
etpmv	UNN	512	1.2427	3.6909	1.2879	1.2121	1.1281	1.1281	1.0634	1.0649	1.0599
etpmv	UNN	1024	1.1148	3.9064	1.2687	1.2667	1.1216	1.1216	1.1179	1.0163	1.1172
etpmv	UNU	128	1.1988	1.6128	1.2373	1.2382	1.0841	1.0841	1.0863	1.0464	1.0098
etpmv	UNU	256	1.2312	1.8680	1.2789	1.2707	1.0957	1.0957	1.1235	1.0700	1.0788
etpmv	UNU	512	1.2397	3.7434	1.2873	1.2730	1.1302	1.1302	1.1251	1.0626	1.1160
etpmv	UNU	1024	1.1932	3.8780	1.2736	1.2739	1.1141	1.1141	1.1202	1.0303	1.0780
etpmv	UTN	128	2.0257	2.8296	2.1348	2.1355	2.1586	2.1586	2.1832	2.0455	2.0257
etpmv	UTN	256	1.9650	3.5906	2.1004	2.0955	2.1252	2.1252	2.1403	1.9728	2.0004
etpmv	UTN	512	1.9409	7.2810	2.0834	2.1373	2.0951	2.0951	2.1479	1.9560	2.0685
etpmv	UTN	1024	1.8400	7.4331	1.9898	1.9619	2.0101	2.0101	2.0037	1.8815	1.9839
etpmv	UTU	128	2.1144	2.8345	2.1853	2.1179	2.1663	2.1663	2.1052	2.0632	2.0845
etpmv	UTU	256	2.0347	3.6081	2.1020	2.0420	2.1147	2.1147	2.0450	2.0178	1.9939
etpmv	UTU	512	2.1043	7.2859	2.1202	2.0656	2.1179	2.1179	2.1386	2.1010	2.0282
etpmv	UTU	1024	1.5066	7.3972	1.9869	2.0205	1.9722	1.9722	2.0293	1.7260	1.9866
etpsv	LNN	128	1.2113	1.2131	1.2144	1.2137	1.2052	1.2052	1.2065	1.2059	1.2046
etpsv	LNN	256	1.2555	1.2506	1.2533	1.2400	1.2528	1.2528	1.2495	1.2494	1.2422
etpsv	LNN	512	1.2739	1.2767	1.2600	1.2783	1.2764	1.2764	1.2632	1.2769	1.2766
etpsv	LNN	1024	0.0573	0.0574	0.0574	0.0574	0.0577	0.0577	0.0576	0.0575	0.0575
etpsv	LNU	128	1.2324	1.0943	1.2338	1.2332	1.2291	1.2291	1.2290	1.2213	1.1735
etpsv	LNU	256	1.2153	1.2660	1.2626	1.2670	1.2605	1.2605	1.2606	1.2620	1.2621
etpsv	LNU	512	0.7820	0.7902	0.7897	0.7908	0.7890	0.7890	0.7883	0.7859	0.7889
etpsv	LNU	1024	0.0404	0.0402	0.0401	0.0402	0.0402	0.0402	0.0404	0.0403	0.0404
etpsv	LTN	128	1.9825	2.0339	2.1585	1.7869	2.1516	2.1516	2.1256	2.1343	2.1666
etpsv	LTN	256	1.9840	1.9879	2.0692	2.0729	2.0748	2.0748	2.0878	2.0780	2.1011
etpsv	LTN	512	2.0233	2.0441	2.0979	2.0627	2.0887	2.0887	2.1135	2.1005	2.1175
etpsv	LTN	1024	0.0600	0.0599	0.0592	0.0599	0.0599	0.0599	0.0593	0.0599	0.0596
etpsv	LTU	128	2.0456	2.0210	2.2011	2.0436	2.1780	2.1780	2.0308	2.1768	2.2003
etpsv	LTU	256	1.9933	2.0166	2.0846	2.0096	2.0803	2.0803	2.0074	2.0596	2.1046
etpsv	LTU	512	1.1393	1.1433	1.1594	1.1320	1.1453	1.1453	1.1645	1.1598	1.1618
etpsv	LTU	1024	0.0411	0.0412	0.0409	0.0411	0.0410	0.0410	0.0409	0.0411	0.0410
etpsv	UNN	128	1.1133	1.1210	1.1485	1.1373	1.1492	1.1492	1.1417	1.1080	1.1384
etpsv	UNN	256	1.1701	1.1938	1.1881	1.1839	1.1942	1.1942	1.1898	1.2010	1.2013
etpsv	UNN	512	1.2236	1.2399	1.2481	1.2251	1.2535	1.2535	1.2254	1.2249	1.2525
etpsv	UNN	1024	0.0701	0.0736	0.0739	0.0739	0.0736	0.0736	0.0738	0.0698	0.0740
etpsv	UNU	128	1.1255	1.2430	1.1571	1.2377	1.1530	1.1530	1.2065	1.1460	1.2176
etpsv	UNU	256	1.1866	1.2695	1.1847	1.2667	1.1833	1.1833	1.2567	1.1819	1.2596
etpsv	UNU	512	0.8923	0.9462	0.8920	0.8981	0.9006	0.9006	0.9489	0.9409	0.9513
etpsv	UNU	1024	0.0452	0.0456	0.0457	0.0456	0.0456	0.0456	0.0457	0.0454	0.0457
etpsv	UTN	128	2.2060	2.1495	2.3162	2.3130	2.2049	2.2049	2.1495	2.1903	2.1093
etpsv	UTN	256	2.1601	2.1317	2.3507	2.3600	2.1764	2.1764	2.1868	2.1765	2.1897
etpsv	UTN	512	2.1938	2.2124	2.3731	2.4236	2.1947	2.1947	2.2078	2.2002	2.2055
etpsv	UTN	1024	0.0631	0.0631	0.0635	0.0632	0.0633	0.0633	0.0630	0.0633	0.0634
etpsv	UTU	128	2.2169	2.2274	2.3481	2.3300	2.1719	2.1719	2.2060	2.2085	2.2111
etpsv	UTU	256	2.1867	2.2004	2.3355	2.3740	2.1788	2.1788	2.1970	2.1881	2.1693
etpsv	UTU	512	1.0296	1.0482	1.0599	1.0803	1.0269	1.0269	1.0433	1.0470	1.0440
etpsv	UTU	1024	0.0408	0.0406	0.0406	0.0407	0.0406	0.0406	0.0406	0.0404	0.0406
etrmv	LNN	128	1.0809	1.6369	1.6039	2.5916	1.0829	1.0829	1.0120	1.0835	1.0224
etrmv	LNN	256	1.1092	1.8598	1.6306	3.8596	1.1091	1.1091	1.0433	1.1091	1.0534
etrmv	LNN	512	1.1279	3.7259	1.6408	4.4894	1.1278	1.1278	1.1110	1.1278	1.1065
etrmv	LNN	1024	1.0331	3.8577	1.4130	4.5052	0.9939	0.9939	1.0701	1.0527	1.0247
etrmv	LNU	128	1.0925	1.6435	1.5106	2.6143	1.0230	1.0230	1.0224	1.0850	1.0199
etrmv	LNU	256	1.1121	1.8601	1.5303	3.8699	1.1018	1.1018	1.0471	1.1112	1.0716
etrmv	LNU	512	1.1299	3.6729	1.6437	4.5010	1.1321	1.1321	1.1099	1.1317	1.1140
etrmv	LNU	1024	1.0291	3.8538	1.4783	4.5086	1.0853	1.0853	1.0601	1.0428	1.0016
etrmv	LTN	128	2.0607	2.6965	2.3065	2.0860	2.1686	2.1686	2.0080	2.1736	2.0295
etrmv	LTN	256	2.1048	3.3467	2.2691	6.3574	2.0858	2.0858	1.9698	2.0964	1.9583
etrmv	LTN	512	2.1400	7.1056	2.3263	7.9949	2.0951	2.0951	2.0961	2.1388	2.0304
etrmv	LTN	1024	1.7519	7.0128	2.0377	7.6074	1.9107	1.9107	1.9244	1.8493	1.9243
etrmv	LTU	128	2.1082	2.6479	2.2915	2.2289	2.1781	2.1781	2.0287	2.0981	2.1090
etrmv	LTU	256	2.0263	3.4455	2.2504	6.4435	2.1005	2.1005	1.9784	2.0263	1.9555
etrmv	LTU	512	2.0873	7.1431	2.3650	7.9805	2.1406	2.1406	2.0404	2.1591	2.0766
etrmv	LTU	1024	1.9182	7.0478	2.0230	7.5736	1.9052	1.9052	1.9366	1.9136	1.9619
etrmv	UNN	128	1.1472	1.6372	1.6773	2.7057	0.9412	0.9412	1.0046	1.0210	0.9908
etrmv	UNN	256	1.1803	1.8656	1.6958	3.9828	1.0551	1.0551	1.0462	1.0374	1.0437
etrmv	UNN	512	1.1635	3.7247	1.7231	4.5480	1.0809	1.0809	1.0655	1.0475	1.1097
etrmv	UNN	1024	1.1252	3.7675	1.6984	4.3850	1.0837	1.0837	1.0416	1.0860	1.0810
etrmv	UNU	128	1.2382	1.6329	1.7690	2.6962	1.0890	1.0890	1.0195	1.0895	1.0121
etrmv	UNU	256	1.2788	1.8730	1.7666	4.0197	1.1236	1.1236	1.0546	1.1186	1.0627
etrmv	UNU	512	1.2884	3.7306	1.8084	4.5498	1.1309	1.1309	1.1047	1.1287	1.1127
etrmv	UNU	1024	1.2278	3.7539	1.6961	4.4163	1.0871	1.0871	1.0884	1.0872	1.0693
etrmv	UTN	128	2.1230	2.6724	2.2797	4.0828	2.1006	2.1006	1.9922	2.1508	2.0246
etrmv	UTN	256	2.0681	3.4470	2.2133	6.8901	2.0475	2.0475	1.9251	2.0545	1.9257
etrmv	UTN	512	2.0816	6.4369	2.1907	8.1445	2.0324	2.0324	2.0298	2.0866	2.0059
etrmv	UTN	1024	1.8242	6.4874	1.9264	6.8465	1.8576	1.8576	1.7552	1.8472	1.8104
etrmv	UTU	128	2.1458	2.6932	2.2631	4.1926	2.1761	2.1761	2.0100	2.1749	2.0261
etrmv	UTU	256	2.0502	3.4444	2.2211	6.8411	2.0587	2.0587	1.9380	2.0737	1.9447
etrmv	UTU	512	2.1079	7.2045	2.1864	7.9569	2.0926	2.0926	2.0501	2.1035	2.0483
etrmv	UTU	1024	1.8490	6.4965	1.9592	7.1782	1.8333	1.8333	1.8080	1.8292	1.7955
etrsv	LNN	128	1.1357	1.2166	1.9161	1.9110	1.1888	1.1888	1.2137	1.1359	1.2143
etrsv	LNN	256	1.1543	1.2595	1.9278	2.6558	1.2484	1.2484	1.1743	1.1553	1.2568
etrsv	LNN	512	1.2542	1.2812	1.9739	3.9865	1.2754	1.2754	1.2178	1.2700	1.2756
etrsv	LNN	1024	0.0617	0.0618	0.0629	0.1650	0.0617	0.0617	0.0611	0.0616	0.0614
etrsv	LNU	128	1.2426	1.2444	1.9389	1.9382	1.1988	1.1988	1.2142	1.2276	1.2295
etrsv	LNU	256	1.2723	1.2725	1.9795	2.6971	1.2575	1.2575	1.1811	1.2457	1.2608
etrsv	LNU	512	1.0656	1.0647	1.5100	2.3984	1.0616	1.0616	1.0355	1.0627	1.0630
etrsv	LNU	1024	0.0409	0.0408	0.0415	0.1154	0.0409	0.0409	0.0409	0.0410	0.0409
etrsv	LTN	128	1.9788	1.9876	2.2133	2.1217	2.0155	2.0155	2.0146	1.9885	1.9964
etrsv	LTN	256	1.9648	1.9296	2.1221	2.8484	1.9825	1.9825	1.8801	1.9926	1.8561
etrsv	LTN	512	2.0130	1.9896	2.1656	4.0804	1.9611	1.9611	1.9771	2.0035	1.9945
etrsv	LTN	1024	0.0666	0.0670	0.0670	0.1675	0.0669	0.0669	0.0664	0.0673	0.0668
etrsv	LTU	128	2.0099	1.8835	2.2780	2.2750	2.0412	2.0412	2.0478	2.0234	1.8919
etrsv	LTU	256	1.9832	1.8435	2.0162	2.9212	1.9861	1.9861	1.8886	1.9922	1.8519
etrsv	LTU	512	1.4191	1.3860	1.4902	2.2186	1.4004	1.4004	1.3990	1.4200	1.4030
etrsv	LTU	1024	0.0437	0.0438	0.0439	0.1133	0.0413	0.0413	0.0436	0.0438	0.0435
etrsv	UNN	128	1.1781	1.1738	1.7973	1.8106	1.1520	1.1520	1.1494	1.1446	1.1433
etrsv	UNN	256	1.2059	1.1909	1.8587	2.6440	1.1966	1.1966	1.1724	1.2315	1.1989
etrsv	UNN	512	1.2401	1.2636	1.8717	3.8468	1.1714	1.1714	1.1956	1.2482	1.2545
etrsv	UNN	1024	0.0644	0.0641	0.0658	0.1693	0.0643	0.0643	0.0640	0.0637	0.0640
etrsv	UNU	128	1.2365	1.2371	1.9408	1.9443	1.2242	1.2242	1.2299	1.2394	1.2272
etrsv	UNU	256	1.2372	1.2708	1.9825	2.6791	1.2717	1.2717	1.1839	1.2684	1.1997
etrsv	UNU	512	1.1817	1.1871	1.7608	3.1413	1.1849	1.1849	1.1564	1.1646	1.1862
etrsv	UNU	1024	0.0433	0.0432	0.0438	0.1162	0.0433	0.0433	0.0432	0.0433	0.0431
etrsv	UTN	128	2.0731	2.0838	2.3920	2.4784	2.0905	2.0905	2.1254	2.0763	2.0878
etrsv	UTN	256	1.8073	2.1081	1.9865	3.2654	1.8080	1.8080	1.9623	1.8981	2.1083
etrsv	UTN	512	2.1454	2.1551	2.4811	4.8723	2.1462	2.1462	2.0595	2.1075	2.1551
etrsv	UTN	1024	0.0627	0.0629	0.0632	0.1635	0.0629	0.0629	0.0628	0.0630	0.0625
etrsv	UTU	128	2.1025	2.1008	2.5196	2.5706	2.1319	2.1319	2.1844	2.0754	2.0819
etrsv	UTU	256	2.0919	2.1005	2.5266	3.3932	2.0883	2.0883	1.9834	2.0873	2.1331
etrsv	UTU	512	1.8046	1.8227	2.1162	3.3676	1.8232	1.8232	1.7796	1.8239	1.8295
etrsv	UTU	1024	0.0413	0.0412	0.0414	0.1141	0.0408	0.0408	0.0409	0.0410	0.0409
eyasum	-	64	1.1944	1.2192	1.9487	1.9935	0.8296	0.8296	0.8486	0.8296	0.8473
eyasum	-	128	1.2448	1.2715	2.0105	2.0540	0.8250	0.8250	0.8426	0.8246	0.8430
eyasum	-	256	1.2731	1.3012	2.0012	2.0467	0.6097	0.6097	0.8387	0.8206	0.6829
eyasum	-	512	1.0586	1.3150	2.0366	2.0816	0.8185	0.8185	0.8367	0.8366	0.8367
eyasum	-	1024	1.3197	1.3201	2.0544	1.7399	0.7440	0.7440	0.8318	0.7614	0.7551
eyasum	-	2048	1.1949	1.2107	2.0629	1.8344	0.7816	0.7816	0.7905	0.7810	0.7661
eyasum	-	4096	1.2806	1.2090	1.9666	1.9588	0.7761	0.7761	0.7900	0.7565	0.7885
eyasum	-	16384	1.2269	4.1362	1.8230	1.8872	0.7678	0.7678	0.7830	0.7943	0.7765
eyasum	-	65536	1.2579	4.6541	1.5950	1.4933	0.7805	0.7805	0.7584	0.8304	0.7617
ieamax	-	64	0.6163	0.5759	1.1606	1.1616	0.5882	0.5882	0.5870	0.6142	0.5754
ieamax	-	128	0.6420	0.5460	1.2489	1.2487	0.5589	0.5589	0.5572	0.5821	0.5461
ieamax	-	256	0.6480	0.6059	0.6572	1.2988	0.5535	0.5535	0.5528	0.5781	0.5412
ieamax	-	512	0.4948	0.6071	1.3236	0.9143	0.5510	0.5510	0.5141	0.5757	0.5387
ieamax	-	1024	0.6537	0.6065	1.3371	1.3372	0.4941	0.4941	0.5497	0.5163	0.5375
ieamax	-	2048	0.6547	0.6101	1.3438	1.1812	0.5175	0.5175	0.5203	0.5335	0.5314
ieamax	-	4096	0.5937	0.6105	1.2537	1.3472	0.5337	0.5337	0.5196	0.5433	0.5325
ieamax	-	16384	0.6095	2.2396	1.1508	1.2390	0.5188	0.5188	0.5303	0.5371	0.5348
ieamax	-	65536	0.6250	2.5548	1.1923	1.2341	0.5279	0.5279	0.5380	0.5576	0.5348
iyamax	-	64	0.4648	1.0451	1.0449	1.2897	1.0826	1.0826	1.0779	0.6331	0.8923
iyamax	-	128	1.1219	1.1447	1.2628	1.2619	1.1256	1.1256	1.1263	0.9653	0.9221
iyamax	-	256	1.2158	1.1698	1.0840	1.0838	1.1479	1.1479	1.1478	0.9812	0.9029
iyamax	-	512	1.2085	1.1539	1.2984	1.2974	1.1588	1.1588	1.1592	0.9894	0.9450
iyamax	-	1024	1.0351	1.1890	0.7621	1.1596	1.1646	1.1646	1.1647	0.9934	0.9435
iyamax	-	2048	1.1022	1.1301	0.9482	1.2093	1.0964	1.0964	1.0989	0.9467	0.9436
iyamax	-	4096	1.1079	1.1781	1.2156	1.2547	1.1324	1.1324	1.0931	0.9444	0.9480
iyamax	-	16384	1.1392	3.7532	1.1309	1.2223	1.0911	1.0911	1.1126	0.8926	0.9442
iyamax	-	65536	1.1708	4.1877	1.1970	1.1091	1.1004	1.1004	1.0036	0.9689	0.9469
yaxpy	-	64	1.9691	1.9180	1.9761	2.0218	1.9718	1.9718	1.7912	2.0177	1.9701
yaxpy	-	128	2.0168	1.9711	1.9769	1.7560	1.9768	1.9768	2.0227	2.0225	1.9765
yaxpy	-	256	1.6943	1.9959	1.9978	2.0444	1.9518	1.9518	2.0441	2.0442	1.9979
yaxpy	-	512	2.0539	1.9890	2.0082	1.8511	1.9950	1.9950	2.0550	1.8735	2.0082
yaxpy	-	1024	1.9515	2.0130	1.9936	1.9539	2.0134	2.0134	1.9518	1.9511	2.0046
yaxpy	-	2048	1.9518	1.9980	2.0112	1.9908	2.0028	2.0028	1.9572	2.0064	1.9968
yaxpy	-	4096	1.9690	2.0108	2.0064	1.9848	2.0078	2.0078	1.9726	2.0106	1.9985
yaxpy	-	16384	2.0214	7.2968	2.0056	2.0565	2.0065	2.0065	2.0556	2.0538	2.0119
yaxpy	-	65536	2.0994	7.8678	1.9872	2.0607	1.9975	1.9975	2.0745	2.1136	2.0106
ycopy	-	64	24.4121	22.8245	142.8531	147.2889	23.7943	23.7943	24.8641	24.8648	23.2258
ycopy	-	128	25.1553	23.5067	188.7726	195.8891	19.2415	19.2415	25.4008	25.3645	23.7201
ycopy	-	256	25.8999	23.4615	225.0863	234.8492	24.8927	24.8927	24.0579	26.0181	24.3085
ycopy	-	512	21.8488	24.5324	150.7915	153.8802	25.1644	25.1644	23.3827	26.2922	24.5885
ycopy	-	1024	23.9494	24.7238	111.7991	115.7235	25.3469	25.3469	24.4085	26.4987	24.7680
ycopy	-	2048	25.2177	24.5794	111.6593	103.3639	24.1771	24.1771	25.4424	25.8189	24.6207
ycopy	-	4096	24.4654	24.7997	84.8994	86.2454	24.5326	24.5326	25.2965	23.9535	24.7891
ycopy	-	16384	25.1441	85.7016	68.5642	74.0898	24.5804	24.5804	24.8513	25.7798	24.8307
ycopy	-	65536	25.4743	95.1565	65.5303	73.6626	24.5131	24.5131	25.3981	24.4133	24.7401
ydotc	-	64	2.8918	2.8280	2.9212	2.8532	2.8738	2.8738	2.8559	2.9224	2.8567
ydotc	-	128	2.8717	2.8071	2.8857	2.8290	2.8915	2.8915	2.8333	2.9006	2.8336
ydotc	-	256	2.2470	2.8328	2.9047	2.8441	2.9087	2.9087	2.8465	2.9128	2.8454
ydotc	-	512	2.9078	2.8002	2.5352	2.8533	2.9168	2.9168	2.8517	2.9181	2.8519
ydotc	-	1024	2.7253	2.8319	2.7072	2.8272	2.9202	2.9202	2.8543	2.7003	2.8544
ydotc	-	2048	2.7753	2.8394	2.6841	2.8115	2.8105	2.8105	2.8464	2.8075	2.8508
ydotc	-	4096	2.7988	2.8293	2.7487	2.8316	2.8185	2.8185	2.8418	2.7660	2.8372
ydotc	-	16384	2.6938	9.8424	2.7757	2.7916	2.7767	2.7767	2.7942	2.7432	2.7907
ydotc	-	65536	2.8556	10.7383	2.7896	2.8120	2.7288	2.7288	2.8598	2.8551	2.7960
ydotu	-	64	3.1322	3.0617	3.1108	3.1865	3.1112	3.1112	3.1823	3.1820	3.1104
ydotu	-	128	3.1193	3.0471	3.0750	3.1478	3.0817	3.0817	3.1561	3.1561	3.0829
ydotu	-	256	3.1533	3.0818	2.9743	3.1706	3.1022	3.1022	3.1732	2.5716	3.1019
ydotu	-	512	3.1704	3.0481	3.1040	3.1805	3.1084	3.1084	2.7271	3.1827	3.1093
ydotu	-	1024	2.9425	3.0931	3.0930	3.1847	3.1128	3.1128	2.9481	3.1854	3.1130
ydotu	-	2048	3.0504	3.0880	3.0777	3.0596	3.0919	3.0919	3.0633	3.0116	3.0583
ydotu	-	4096	3.1639	3.0837	3.0762	3.0341	3.0999	3.0999	3.0270	3.0899	3.0853
ydotu	-	16384	2.9477	10.8849	2.9505	2.7928	3.0108	3.0108	2.9476	2.9540	3.0146
ydotu	-	65536	3.1971	11.5252	2.9101	2.6701	2.9598	2.9598	2.7039	3.2050	2.9480
yerot	-	64	1.5509	1.8646	1.7596	1.7602	0.9937	0.9937	0.9937	1.0161	0.9710
yerot	-	128	2.0117	1.9239	1.7803	1.6038	1.0006	1.0006	1.0007	1.0235	0.9647
yerot	-	256	1.7893	1.9517	1.7982	1.7982	0.9390	0.9390	0.9398	1.0297	0.9798
yerot	-	512	2.0544	1.9366	1.7141	1.7694	1.0085	1.0085	0.9426	0.9630	0.9866
yerot	-	1024	1.9104	1.9707	1.7590	1.7381	0.9634	0.9634	0.9627	0.9761	0.9864
yerot	-	2048	1.9568	1.9595	1.7214	1.7371	0.9790	0.9790	0.9708	0.9995	0.9866
yerot	-	4096	2.0410	1.9698	1.7197	1.7379	1.0092	1.0092	1.0163	1.0284	0.9848
yerot	-	16384	2.0616	6.6241	1.7842	1.8506	0.9752	0.9752	1.0304	1.0232	0.9867
yerot	-	65536	2.0680	6.9251	1.7485	1.8509	1.0022	1.0022	1.0238	1.0421	1.0146
yescal	-	64	2.0581	2.1151	2.0381	2.1292	2.0395	2.0395	2.1343	2.0743	2.1321
yescal	-	128	1.3787	2.1747	2.0859	2.1806	2.0900	2.0900	2.1812	2.1257	2.1814
yescal	-	256	2.1792	2.2322	1.6490	2.2362	2.1409	2.1409	2.2363	2.1841	2.2371
yescal	-	512	2.2098	1.9485	2.1663	2.2650	1.9849	1.9849	2.2646	1.9015	2.2654
yescal	-	1024	2.1938	2.0988	2.1784	2.1216	2.1108	2.1108	2.0754	2.2771	2.1239
yescal	-	2048	2.2087	2.1999	2.0204	2.1967	2.1132	2.1132	2.2457	2.1869	2.1700
yescal	-	4096	2.1230	2.1635	2.0933	2.1877	1.9496	1.9496	2.0089	2.1228	2.1920
yescal	-	16384	2.1742	7.5863	2.1525	2.1566	2.1854	2.1854	2.1520	2.2141	2.1365
yescal	-	65536	2.2453	8.1330	2.1377	2.1586	2.0972	2.0972	2.1390	2.2306	2.1333
ygbmv	C	128	3.0228	2.8335	2.5870	7.9035	2.7041	2.7041	2.6963	2.7984	2.7164
ygbmv	C	256	2.9396	2.8186	2.5477	8.5158	2.6072	2.6072	2.6076	2.8019	2.7888
ygbmv	C	512	2.8655	6.9939	2.5322	8.8617	2.5566	2.5566	2.5631	2.7459	2.5701
ygbmv	C	1024	2.8603	7.1243	2.5526	9.0309	2.4260	2.4260	2.6183	2.7191	2.6304
ygbmv	N	128	2.0169	2.0292	2.0151	2.0162	2.0352	2.0352	2.0346	2.0189	2.0373
ygbmv	N	256	1.9938	1.9692	1.9686	1.9696	1.9755	1.9755	1.9562	1.9942	1.9790
ygbmv	N	512	2.0817	5.5176	1.9197	1.9737	1.9502	1.9502	2.0422	2.0826	1.9479
ygbmv	N	1024	2.0632	5.5954	1.9114	2.0233	1.9306	1.9306	2.0252	2.0068	1.9373
ygbmv	T	128	3.1348	2.9311	2.8615	8.4104	2.7348	2.7348	3.0418	3.2660	3.0324
ygbmv	T	256	3.0196	2.8193	2.8508	8.9794	2.9493	2.9493	2.9478	3.1562	2.9578
ygbmv	T	512	2.9571	7.3295	2.8481	9.6439	2.8645	2.8645	2.9019	3.0944	2.9030
ygbmv	T	1024	2.9160	7.5000	2.8417	10.0012	2.8764	2.8764	2.9585	3.0703	2.8805
ygemv	C	128	2.8894	9.4182	2.7558	9.5445	2.7512	2.7512	2.7558	2.8879	2.7556
ygemv	C	256	2.9313	10.7272	2.7949	10.7144	2.7328	2.7328	2.8918	2.9577	2.8901
ygemv	C	512	2.9255	10.7675	2.5453	10.8436	2.7021	2.7021	2.8926	2.8318	2.7960
ygemv	C	1024	2.4563	8.7359	2.2344	8.4825	2.3403	2.3403	2.4499	2.4676	2.4512
ygemv	C	2048	2.4599	7.7724	2.4206	7.8206	2.4348	2.4348	2.4533	2.4503	2.4455
ygemv	N	128	2.0126	6.4356	2.6600	8.1041	2.8963	2.8963	2.8335	2.8942	2.8392
ygemv	N	256	2.0529	7.5708	2.7916	9.7504	2.8955	2.8955	3.0173	2.9816	2.9001
ygemv	N	512	2.0996	7.5580	2.7279	9.8692	2.7613	2.7613	2.8712	3.0464	3.0162
ygemv	N	1024	1.8581	6.8141	2.4415	6.7727	2.5797	2.5797	2.7081	2.6690	2.7102
ygemv	N	2048	1.8524	6.4539	2.3685	7.5113	2.3285	2.3285	2.6944	2.7025	2.7050
ygemv	T	128	3.1981	10.0844	2.9827	9.6489	2.9916	2.9916	2.9936	3.2047	2.9938
ygemv	T	256	3.2477	11.6147	2.8930	11.5882	2.6826	2.6826	3.1209	3.2443	3.1814
ygemv	T	512	3.1486	11.6170	2.8009	11.7424	2.8560	2.8560	3.0730	3.1780	3.0667
ygemv	T	1024	2.6216	9.0481	2.5105	9.1737	2.5064	2.5064	2.6201	2.6164	2.6388
ygemv	T	2048	2.6075	7.8598	2.4989	7.8420	2.4850	2.4850	2.6207	2.6230	2.6016
ygerc	-	128	1.9758	7.2074	2.0204	7.2712	2.0140	2.0140	1.9882	1.9971	1.9701
ygerc	-	256	2.0824	7.5446	2.0880	7.5415	2.1088	2.1088	1.9968	2.1132	2.0516
ygerc	-	512	1.8506	4.9795	1.7731	4.9721	1.8414	1.8414	1.8191	1.8543	1.8411
ygerc	-	1024	1.8503	4.2629	1.8309	4.2368	1.8293	1.8293	1.8432	1.8506	1.8201
ygeru	-	128	2.0078	7.1856	1.9879	7.2354	2.0473	2.0473	1.9963	2.0422	1.9766
ygeru	-	256	2.0849	7.5161	2.1054	7.5646	2.0768	2.0768	1.9960	2.1012	2.0724
ygeru	-	512	1.8488	4.9821	1.8471	4.9879	1.8464	1.8464	1.8429	1.8475	1.8498
ygeru	-	1024	1.8438	4.2608	1.8469	4.2397	1.8276	1.8276	1.8195	1.8256	1.8439
yhbmv	L	128	2.5074	2.4217	2.6067	2.5509	2.2655	2.2655	2.2122	2.2611	2.1650
yhbmv	L	256	2.4636	5.6710	2.5349	2.4799	2.1756	2.1756	2.1517	2.2006	2.1009
yhbmv	L	512	2.4291	6.0293	2.4873	2.4435	2.1675	2.1675	2.1143	2.1705	2.0709
yhbmv	L	1024	2.4531	6.2342	2.5113	2.4811	2.1952	2.1952	2.1953	2.1715	2.0569
yhbmv	U	128	2.7416	2.7314	2.6140	2.5847	2.1458	2.1458	2.1268	2.0938	2.1235
yhbmv	U	256	2.6354	5.6908	2.5203	2.5740	2.0744	2.0744	1.9889	2.0512	2.0405
yhbmv	U	512	2.6603	6.0594	2.5218	2.5046	2.0234	2.0234	2.1121	2.1221	2.0143
yhbmv	U	1024	2.6727	6.2834	2.5766	2.5627	2.0887	2.0887	2.0420	2.0868	2.0658
yhemv	L	128	2.7775	2.7724	2.7794	8.0680	2.4237	2.4237	2.2680	2.4135	2.4216
yhemv	L	256	2.8235	9.4508	2.8075	9.5073	2.4724	2.4724	2.4121	2.4403	2.4182
yhemv	L	512	2.8371	10.3953	2.8732	10.0599	2.4388	2.4388	2.4691	2.4775	2.4556
yhemv	L	1024	2.5687	9.8300	2.5906	9.3869	2.2732	2.2732	2.2556	2.2984	2.2832
yhemv	U	128	2.6475	2.5745	2.6632	8.8814	1.9684	1.9684	1.9691	1.9905	1.9625
yhemv	U	256	2.7156	9.7172	2.7002	10.0757	2.0427	2.0427	2.0676	2.0797	1.9879
yhemv	U	512	2.8623	10.6278	2.8674	10.6144	2.1300	2.1300	2.0617	2.1191	2.1154
yhemv	U	1024	2.5986	10.3404	2.5844	9.9941	1.9547	1.9547	1.9989	1.9822	1.9841
yher	L	128	2.0529	1.9935	2.0764	6.4800	2.0788	2.0788	1.9412	2.0779	1.9880
yher	L	256	2.0684	6.5638	2.1112	7.4520	2.1104	2.1104	2.0638	2.1119	2.0563
yher	L	512	1.7355	4.8193	1.7303	4.9216	1.7242	1.7242	1.7364	1.7278	1.7252
yher	L	1024	1.7973	4.2682	1.7829	4.2899	1.7966	1.7966	1.7901	1.7976	1.7628
yher	U	128	1.9495	1.9759	1.9447	6.3236	1.9776	1.9776	1.9685	2.0221	2.0084
yher	U	256	2.0567	6.4418	2.0407	7.1578	2.0347	2.0347	2.0829	2.0787	1.9843
yher	U	512	1.7890	5.0287	1.7797	5.0919	1.7923	1.7923	1.7884	1.7880	1.7528
yher	U	1024	1.8002	4.2373	1.8086	4.2780	1.8167	1.8167	1.8010	1.7963	1.8049
yher2	L	128	2.9423	2.9334	2.5884	5.5097	2.9999	2.9999	2.8850	2.9495	3.0596
yher2	L	256	2.9795	8.9563	2.6861	5.8292	3.1122	3.1122	3.0675	3.1136	3.0607
yher2	L	512	2.5838	8.3486	2.4020	5.2835	2.6467	2.6467	2.6733	2.6633	2.6611
yher2	L	1024	2.6344	8.0819	2.4529	5.2455	2.7198	2.7198	2.7069	2.7283	2.7150
yher2	U	128	2.6573	2.6437	2.5262	5.0054	2.4854	2.4854	2.4371	2.4846	2.4607
yher2	U	256	2.8024	8.0709	2.7380	5.3423	2.6450	2.6450	2.5736	2.5503	2.5231
yher2	U	512	2.4609	8.4150	2.4634	5.3626	2.3552	2.3552	2.3686	2.3346	2.3686
yher2	U	1024	2.5858	7.9039	2.5042	5.2818	2.3804	2.3804	2.3637	2.4034	2.4129
yhpmv	L	128	2.6738	2.6767	2.7832	2.7817	2.2739	2.2739	2.2691	2.2571	2.2718
yhpmv	L	256	2.7447	9.4690	2.8412	2.8204	2.2737	2.2737	2.3080	2.3138	2.2764
yhpmv	L	512	2.7358	10.4147	2.8698	2.8664	2.3065	2.3065	2.2670	2.3293	2.3210
yhpmv	L	1024	2.5618	9.9928	2.6208	2.6568	2.1684	2.1684	2.1834	2.1850	2.1658
yhpmv	U	128	2.6390	2.6622	2.6800	2.6713	2.0080	2.0080	2.0090	1.9763	1.9285
yhpmv	U	256	2.7929	9.7728	2.8622	2.8575	2.1125	2.1125	2.0858	2.0716	2.0015
yhpmv	U	512	2.8709	10.6442	2.8760	2.8746	2.1188	2.1188	2.1163	2.0963	2.1267
yhpmv	U	1024	2.6481	10.4496	2.6582	2.6584	2.0088	2.0088	1.9639	2.0203	2.0082
yhpr	L	128	2.0852	2.0566	2.0370	4.0116	2.0838	2.0838	1.9475	2.0825	2.0035
yhpr	L	256	2.0767	6.6385	2.0911	4.4055	2.1087	2.1087	2.0086	2.1080	2.0643
yhpr	L	512	2.1146	7.1035	2.1122	4.5156	2.1150	2.1150	2.1021	2.1123	2.0934
yhpr	L	1024	1.8442	4.4140	1.8214	3.5746	1.8455	1.8455	1.7983	1.8461	1.8344
yhpr	U	128	1.9561	1.9659	1.8804	3.8361	1.8623	1.8623	1.9603	1.9926	2.0028
yhpr	U	256	2.0669	6.5787	2.0333	4.2651	2.0792	2.0792	2.0631	2.0798	2.0587
yhpr	U	512	2.0558	7.1801	2.1063	4.3985	2.1152	2.1152	2.0999	1.9758	2.0623
yhpr	U	1024	1.8434	4.4111	1.8349	3.5788	1.8105	1.8105	1.8280	1.8263	1.8302
yhpr2	L	128	2.9524	2.9185	2.7156	5.7111	3.0523	3.0523	2.8610	3.0129	3.0499
yhpr2	L	256	2.9901	8.8783	2.7943	6.0662	3.0854	3.0854	3.0299	3.1120	3.0579
yhpr2	L	512	2.9812	9.9539	2.8521	6.1547	3.1204	3.1204	3.0835	3.1063	3.1128
yhpr2	L	1024	2.7026	8.3535	2.6200	5.5519	2.8271	2.8271	2.8001	2.8243	2.8051
yhpr2	U	128	2.6746	2.6313	2.5408	5.0693	2.4513	2.4513	2.4251	2.4649	2.4848
yhpr2	U	256	2.8525	8.3189	2.7086	5.3241	2.5814	2.5814	2.5691	2.5776	2.5256
yhpr2	U	512	2.8763	8.9914	2.7725	5.2460	2.6496	2.6496	2.6178	2.6592	2.6304
yhpr2	U	1024	2.6261	8.1792	2.5314	5.3732	2.4388	2.4388	2.4198	2.4421	2.4224
yrotg	-	200	0.0512	0.0512	0.6287	0.6291	0.0508	0.0508	0.0509	0.0507	0.0506
yscal	-	64	1.9646	1.9228	1.9662	1.9652	1.9654	1.9654	1.9676	1.9662	1.6485
yscal	-	128	2.0207	1.6720	2.0207	2.0205	2.0207	2.0207	2.0213	2.0213	1.9775
yscal	-	256	1.6015	2.0231	2.0682	2.0680	2.0684	2.0684	1.7025	2.0683	2.0236
yscal	-	512	2.0926	1.7156	1.7751	2.0923	2.0919	2.0919	2.0922	1.8293	2.0473
yscal	-	1024	2.1014	1.8899	1.9217	2.1033	2.0032	2.0032	1.9627	2.0214	1.9163
yscal	-	2048	2.0590	1.9558	1.9173	2.0519	2.0093	2.0093	2.0159	1.9683	2.0398
yscal	-	4096	1.9855	1.9861	1.7784	1.9909	1.9768	1.9768	1.9900	2.0186	1.9840
yscal	-	16384	1.9760	7.0021	2.0212	2.0029	2.1045	2.1045	2.0114	2.1104	1.9754
yscal	-	65536	2.0245	7.4061	2.0460	2.0748	2.0205	2.0205	2.0201	2.0193	1.9963
yswap	-	64	24.4970	22.8962	24.8175	24.9036	23.4802	23.4802	23.5444	24.6956	23.0888
yswap	-	128	24.8509	22.0527	25.3743	25.4265	23.8368	23.8368	19.8263	21.8411	23.2947
yswap	-	256	25.1903	23.5511	24.0509	25.6701	24.1263	24.1263	24.1299	25.2306	23.5826
yswap	-	512	22.2859	23.6675	23.8033	24.6010	24.2460	24.2460	23.3716	22.9461	23.4972
yswap	-	1024	24.0910	23.7333	24.8774	25.0137	23.4970	23.4970	22.9442	23.2094	23.6949
yswap	-	2048	24.1103	23.7735	24.6674	25.0333	23.4929	23.4929	23.3892	24.1142	23.7817
yswap	-	4096	24.3796	23.7316	24.8949	25.7158	23.1257	23.1257	23.8458	23.8768	23.7657
yswap	-	16384	25.0294	77.1622	25.7540	26.3643	23.8378	23.8378	24.9093	25.3088	23.7182
yswap	-	65536	24.7352	77.7236	24.2474	26.7081	23.7504	23.7504	25.2828	24.4117	24.8793
ytbmv	LCN	128	3.2025	2.9916	2.9388	3.1631	2.9821	2.9821	3.1980	3.1947	2.9632
ytbmv	LCN	256	3.1047	3.9624	3.0178	3.0642	3.0936	3.0936	3.1038	3.1017	2.8967
ytbmv	LCN	512	3.0415	4.3310	3.0030	3.0042	2.8432	2.8432	3.0414	3.0172	2.8254
ytbmv	LCN	1024	2.9967	4.5746	2.9724	2.9769	2.8762	2.8762	2.9536	2.9861	2.7939
ytbmv	LCU	128	3.3821	3.1225	3.3128	3.3126	3.3711	3.3711	3.3715	3.3718	3.1788
ytbmv	LCU	256	3.2706	4.0413	3.2025	3.2058	3.2545	3.2545	3.2690	3.2221	3.0525
ytbmv	LCU	512	3.2031	4.4041	3.1177	3.1032	3.1888	3.1888	3.1512	3.1915	2.9670
ytbmv	LCU	1024	3.1377	4.6643	3.0631	3.0981	3.0761	3.0761	3.1556	3.0722	2.9312
ytbmv	LNN	128	2.0823	1.9804	2.1279	2.1282	2.0982	2.0982	2.0985	2.0984	1.9579
ytbmv	LNN	256	2.0583	3.4029	2.0657	2.0668	2.0343	2.0343	1.9836	1.9807	1.9027
ytbmv	LNN	512	1.8946	3.6550	2.0329	1.9896	2.0063	2.0063	2.0065	1.9895	1.8748
ytbmv	LNN	1024	2.0075	3.8360	2.0187	2.0190	1.9604	1.9604	1.9734	1.9832	1.8821
ytbmv	LNU	128	2.2306	2.1842	2.1740	2.2551	2.1449	2.1449	2.2047	2.2077	2.1542
ytbmv	LNU	256	2.1480	3.4165	2.1199	2.1860	1.9694	1.9694	2.0695	2.1393	1.9972
ytbmv	LNU	512	2.0253	3.6945	2.1310	2.1509	2.0105	2.0105	2.0955	2.0649	1.9671
ytbmv	LNU	1024	2.1101	3.8670	2.1229	2.1331	2.0869	2.0869	2.0882	2.0833	1.9684
ytbmv	LTN	128	3.5765	3.4931	3.3317	3.4262	3.4157	3.4157	3.4198	3.3208	3.3365
ytbmv	LTN	256	3.4666	4.0771	3.3177	3.2779	3.3100	3.3100	3.2700	3.3120	3.0938
ytbmv	LTN	512	3.3756	4.4685	3.2560	3.2643	3.2328	3.2328	3.2645	3.2535	3.0339
ytbmv	LTN	1024	3.3200	4.7340	3.2219	3.2304	3.1917	3.1917	3.2277	3.2072	3.0044
ytbmv	LTU	128	3.7313	3.4883	3.6068	3.6082	3.5983	3.5983	3.4946	3.4917	3.3959
ytbmv	LTU	256	3.6127	4.1397	3.4837	3.4927	3.4766	3.4766	3.4890	3.4876	3.2528
ytbmv	LTU	512	3.5147	4.5257	3.4162	3.4243	3.3896	3.3896	3.1449	3.4161	3.1786
ytbmv	LTU	1024	3.4566	4.7758	3.1419	3.3262	3.3081	3.3081	3.3850	3.3605	3.1435
ytbmv	UCN	128	3.2046	2.9957	3.0234	3.1677	2.9711	2.9711	3.1364	3.1393	2.9316
ytbmv	UCN	256	3.0831	4.2938	2.8728	3.0475	2.8453	2.8453	3.0327	3.0248	2.8427
ytbmv	UCN	512	2.9906	4.5126	2.8221	2.9780	2.8161	2.8161	2.9689	2.9553	2.7763
ytbmv	UCN	1024	2.7783	4.6068	2.8844	2.9139	2.8471	2.8471	2.9203	2.8867	2.7258
ytbmv	UCU	128	3.3802	3.1478	3.2261	3.3147	3.2207	3.2207	3.2166	3.3088	3.0804
ytbmv	UCU	256	3.2557	4.3304	3.1268	3.1861	3.0943	3.0943	3.1911	3.1892	2.9946
ytbmv	UCU	512	3.1315	4.5568	3.0783	3.1066	3.0892	3.0892	3.1125	3.0703	2.9096
ytbmv	UCU	1024	3.0444	4.6644	2.9597	3.0299	3.0073	3.0073	3.0249	3.0140	2.8477
ytbmv	UNN	128	1.9863	2.0189	1.9622	1.9877	1.9685	1.9685	2.0057	1.9472	1.9983
ytbmv	UNN	256	1.9607	3.5678	1.8903	1.9433	1.9141	1.9141	1.9373	1.8738	1.9193
ytbmv	UNN	512	1.9151	3.8184	1.8670	1.8746	1.7699	1.7699	1.9214	1.9230	1.8942
ytbmv	UNN	1024	1.9939	3.8873	1.8453	1.9031	1.9682	1.9682	1.9685	1.9672	1.8897
ytbmv	UNU	128	2.2211	2.2203	2.1636	2.1705	2.2068	2.2068	2.1990	2.2028	2.2041
ytbmv	UNU	256	2.1384	3.5716	2.0995	2.0993	2.1341	2.1341	2.1348	2.0937	2.0385
ytbmv	UNU	512	2.1151	3.7819	2.0663	1.9758	2.1027	2.1027	2.1024	2.0933	2.0088
ytbmv	UNU	1024	2.1006	3.9127	2.0508	2.0513	2.0649	2.0649	1.9962	2.1142	2.0113
ytbmv	UTN	128	3.5659	3.4796	3.2767	2.4489	3.2738	3.2738	3.3466	3.4221	3.3466
ytbmv	UTN	256	3.4155	4.4250	3.1081	3.2247	3.0802	3.0802	3.2195	3.3077	3.1004
ytbmv	UTN	512	3.2712	4.6438	3.0486	3.1473	3.0400	3.0400	3.1441	3.1876	3.0077
ytbmv	UTN	1024	3.1403	4.7451	2.9673	3.0926	2.9586	2.9586	3.1310	3.0774	2.9321
ytbmv	UTU	128	3.7857	3.5387	3.4519	3.6092	3.4472	3.4472	3.6029	3.6027	3.3779
ytbmv	UTU	256	3.5975	4.4687	3.2558	3.4608	3.2376	3.2376	3.4007	3.4074	3.2616
ytbmv	UTU	512	3.4089	4.7026	3.1879	3.3451	3.1845	3.1845	3.3607	3.3343	3.1417
ytbmv	UTU	1024	3.2678	4.8033	3.0902	3.2716	3.0818	3.0818	3.2642	3.2300	3.0561
ytbsv	LCN	128	2.9717	2.9547	2.8868	2.8903	2.8380	2.8380	2.9051	2.8980	2.8988
ytbsv	LCN	256	2.8020	2.8138	2.7722	2.7716	2.7812	2.7812	2.7751	2.7110	2.7456
ytbsv	LCN	512	0.0549	0.0546	0.0545	0.0546	0.0545	0.0545	0.0546	0.0537	0.0539
ytbsv	LCN	1024	0.0199	0.0198	0.0197	0.0199	0.0199	0.0199	0.0198	0.0199	0.0199
ytbsv	LCU	128	3.3677	3.3780	3.3107	3.3105	3.2792	3.2792	3.2806	3.2686	3.2730
ytbsv	LCU	256	3.1710	3.2302	2.6434	3.1762	3.1013	3.1013	3.1491	3.0755	3.1200
ytbsv	LCU	512	0.0458	0.0460	0.0457	0.0456	0.0459	0.0459	0.0456	0.0454	0.0459
ytbsv	LCU	1024	0.0195	0.0196	0.0198	0.0197	0.0195	0.0195	0.0198	0.0198	0.0197
ytbsv	LNN	128	2.0696	2.0341	2.0723	2.0687	2.0668	2.0668	2.0664	2.0671	2.0665
ytbsv	LNN	256	2.0081	2.0092	2.0102	1.9765	2.0082	2.0082	2.0093	1.9969	2.0089
ytbsv	LNN	512	0.0517	0.0516	0.0515	0.0515	0.0514	0.0514	0.0517	0.0516	0.0515
ytbsv	LNN	1024	0.0196	0.0196	0.0194	0.0195	0.0196	0.0196	0.0191	0.0196	0.0193
ytbsv	LNU	128	2.2464	2.2498	2.2427	2.1907	1.5011	1.5011	2.1829	2.2301	2.1855
ytbsv	LNU	256	2.1758	2.1740	2.1476	2.1222	2.1396	2.1396	2.1138	2.1590	2.1595
ytbsv	LNU	512	0.0439	0.0439	0.0437	0.0439	0.0437	0.0437	0.0438	0.0440	0.0440
ytbsv	LNU	1024	0.0197	0.0196	0.0197	0.0197	0.0196	0.0196	0.0197	0.0197	0.0196
ytbsv	LTN	128	3.2674	3.2729	3.0791	3.0921	3.0835	3.0835	3.0828	3.0831	3.0926
ytbsv	LTN	256	3.0748	3.0240	2.9552	2.9535	2.9513	2.9513	2.9551	2.9206	2.5063
ytbsv	LTN	512	0.0549	0.0548	0.0547	0.0543	0.0547	0.0547	0.0545	0.0546	0.0546
ytbsv	LTN	1024	0.0197	0.0199	0.0199	0.0199	0.0199	0.0199	0.0198	0.0199	0.0199
ytbsv	LTU	128	3.7224	3.7366	3.6008	3.5228	3.5616	3.5616	3.4858	3.5433	3.5541
ytbsv	LTU	256	3.5132	3.4892	3.4066	3.3756	3.4290	3.4290	3.3322	3.2881	3.3854
ytbsv	LTU	512	0.0458	0.0452	0.0436	0.0462	0.0453	0.0453	0.0462	0.0462	0.0460
ytbsv	LTU	1024	0.0196	0.0194	0.0197	0.0195	0.0196	0.0196	0.0197	0.0197	0.0198
ytbsv	UCN	128	2.9848	2.7084	2.8532	2.8477	2.8994	2.8994	2.8977	2.8961	2.5718
ytbsv	UCN	256	2.8801	2.6878	2.8193	2.8202	2.8060	2.8060	2.8069	2.7674	2.6184
ytbsv	UCN	512	0.0516	0.0496	0.0515	0.0517	0.0515	0.0515	0.0496	0.0514	0.0514
ytbsv	UCN	1024	0.0195	0.0195	0.0196	0.0196	0.0193	0.0193	0.0196	0.0195	0.0195
ytbsv	UCU	128	3.2447	3.3327	3.3097	3.3101	3.2998	3.2998	3.2998	3.2962	3.2976
ytbsv	UCU	256	3.2198	3.2193	3.1983	3.2042	3.1922	3.1922	3.2006	3.1978	3.1560
ytbsv	UCU	512	0.0425	0.0424	0.0415	0.0422	0.0421	0.0421	0.0424	0.0425	0.0416
ytbsv	UCU	1024	0.0195	0.0195	0.0195	0.0195	0.0194	0.0194	0.0195	0.0192	0.0195
ytbsv	UNN	128	1.9594	1.9417	1.9457	1.9966	1.9726	1.9726	1.9952	1.9770	1.9772
ytbsv	UNN	256	1.8888	1.8864	1.8484	1.8771	1.9321	1.9321	1.9861	1.9496	1.9174
ytbsv	UNN	512	0.0635	0.0624	0.0633	0.0647	0.0648	0.0648	0.0648	0.0647	0.0647
ytbsv	UNN	1024	0.0192	0.0194	0.0194	0.0193	0.0191	0.0191	0.0194	0.0193	0.0194
ytbsv	UNU	128	2.2488	2.2478	2.2342	2.2303	2.2605	2.2605	2.2639	2.2613	2.2607
ytbsv	UNU	256	2.1759	2.1757	2.1605	2.1615	2.1870	2.1870	2.1923	2.1908	2.1919
ytbsv	UNU	512	0.0541	0.0541	0.0540	0.0541	0.0540	0.0540	0.0542	0.0540	0.0540
ytbsv	UNU	1024	0.0192	0.0193	0.0195	0.0192	0.0196	0.0196	0.0196	0.0194	0.0195
ytbsv	UTN	128	3.2744	3.1234	3.1123	3.1198	2.7741	2.7741	3.0778	3.0857	3.0750
ytbsv	UTN	256	3.1553	3.1500	2.9153	3.0159	2.9166	2.9166	2.9803	2.9838	2.9737
ytbsv	UTN	512	0.0517	0.0517	0.0516	0.0515	0.0516	0.0516	0.0513	0.0516	0.0516
ytbsv	UTN	1024	0.0196	0.0195	0.0195	0.0195	0.0195	0.0195	0.0195	0.0196	0.0196
ytbsv	UTU	128	3.7455	3.7472	3.5470	3.5979	3.5920	3.5920	3.5863	3.5819	3.5828
ytbsv	UTU	256	3.5835	3.6133	3.4833	3.3509	3.4619	3.4619	3.2006	3.4734	3.4707
ytbsv	UTU	512	0.0413	0.0424	0.0424	0.0424	0.0416	0.0416	0.0425	0.0418	0.0420
ytbsv	UTU	1024	0.0195	0.0194	0.0193	0.0195	0.0194	0.0194	0.0194	0.0194	0.0194
ytpmv	LCN	128	2.5421	4.7713	2.9878	2.9924	2.9759	2.9759	2.9626	2.9776	2.6939
ytpmv	LCN	256	2.8763	5.0120	2.9127	2.9095	2.9128	2.9128	2.9028	2.8750	2.8621
ytpmv	LCN	512	3.0051	10.3278	2.9692	2.8518	2.9883	2.9883	2.9413	3.0033	2.9494
ytpmv	LCN	1024	2.5479	9.1170	2.5241	2.4975	2.4905	2.4905	2.4236	2.5089	2.4437
ytpmv	LCU	128	3.0216	4.7087	3.0178	3.0250	3.0128	3.0128	3.0177	3.0146	2.8427
ytpmv	LCU	256	2.9644	5.2885	2.8831	3.0171	2.8873	2.8873	3.0122	2.9552	2.9503
ytpmv	LCU	512	3.0201	10.3820	3.0261	2.9994	3.0076	3.0076	2.9576	3.0033	2.9351
ytpmv	LCU	1024	2.5426	9.1125	2.5428	2.5258	2.4722	2.4722	2.4928	2.5258	2.5539
ytpmv	LNN	128	2.0698	3.3411	2.0717	1.9467	2.0691	2.0691	1.9443	2.0691	1.9458
ytpmv	LNN	256	2.0980	3.7155	2.1038	1.9767	2.1117	2.1117	2.0640	2.1065	2.0530
ytpmv	LNN	512	2.1266	6.9380	2.1056	2.1109	2.1134	2.1134	2.1265	2.1080	1.9947
ytpmv	LNN	1024	1.8669	6.7950	1.8568	1.8870	1.8813	1.8813	1.8953	1.8101	1.8595
ytpmv	LNU	128	2.1117	3.3480	2.0891	2.1136	2.1113	2.1113	2.1119	2.1120	1.9672
ytpmv	LNU	256	2.1240	3.7200	2.1245	2.1292	2.1272	2.1272	2.1186	2.1212	2.0936
ytpmv	LNU	512	2.1335	7.1479	2.1297	2.1019	2.1154	2.1154	2.1364	2.1273	2.1232
ytpmv	LNU	1024	1.8962	6.7538	1.8946	1.8869	1.8914	1.8914	1.8740	1.8962	1.8688
ytpmv	LTN	128	3.3480	5.1226	3.2455	3.2495	3.3859	3.3859	3.3905	3.3815	3.1702
ytpmv	LTN	256	3.2830	5.8500	3.2594	3.2693	3.2789	3.2789	3.3963	3.3947	3.3077
ytpmv	LTN	512	3.4035	11.4048	3.2745	3.2727	3.3987	3.3987	3.4196	3.3897	3.3705
ytpmv	LTN	1024	2.7442	9.8609	2.5645	2.6807	2.7615	2.7615	2.7624	2.7447	2.7550
ytpmv	LTU	128	3.3854	5.1669	3.2657	3.2687	3.3416	3.3416	3.3858	3.3889	3.1851
ytpmv	LTU	256	3.3843	5.7527	3.1549	3.2610	3.2522	3.2522	3.2824	3.3905	3.3281
ytpmv	LTU	512	3.3259	11.4325	3.1551	3.2262	3.4009	3.4009	3.3992	3.3885	3.3678
ytpmv	LTU	1024	2.7874	9.8888	2.6131	2.6454	2.7468	2.7468	2.7637	2.7546	2.8207
ytpmv	UCN	128	2.9581	4.6458	2.9548	2.9693	2.8845	2.8845	2.9521	2.9429	2.7464
ytpmv	UCN	256	2.9422	5.1673	2.9178	2.9483	2.9133	2.9133	2.9449	2.9107	2.8316
ytpmv	UCN	512	2.9354	10.2466	2.8794	2.9234	2.9347	2.9347	2.9779	2.9124	2.8955
ytpmv	UCN	1024	2.4833	9.0386	2.4634	2.4659	2.4540	2.4540	2.4863	2.4671	2.4256
ytpmv	UCU	128	2.9840	4.6308	2.9802	2.9737	2.9683	2.9683	2.9871	2.9705	2.8038
ytpmv	UCU	256	2.9403	5.1133	2.9338	2.9027	2.9130	2.9130	2.9708	2.9534	2.8803
ytpmv	UCU	512	2.9252	10.2212	2.9409	2.9753	2.8976	2.8976	2.9792	2.9606	2.9603
ytpmv	UCU	1024	2.4923	9.0636	2.4664	2.4122	2.4563	2.4563	2.3191	2.4686	2.4981
ytpmv	UNN	128	1.9548	3.3094	1.9815	1.8509	1.9771	1.9771	1.9812	1.9597	1.9398
ytpmv	UNN	256	2.0473	3.6158	2.0920	1.9886	2.1024	2.1024	2.0407	2.1017	2.0213
ytpmv	UNN	512	2.0865	7.1381	2.0688	2.0506	2.1256	2.1256	2.1288	2.0859	2.0752
ytpmv	UNN	1024	1.8553	6.7727	1.8750	1.8878	1.8788	1.8788	1.8427	1.8745	1.8182
ytpmv	UNU	128	2.0894	3.3402	2.1092	1.9730	2.1139	2.1139	1.9770	2.1010	1.9690
ytpmv	UNU	256	2.1232	3.6212	2.1197	1.9913	2.1189	2.1189	1.9928	2.1221	1.9914
ytpmv	UNU	512	2.1381	6.9963	2.1292	2.0537	2.1160	2.1160	2.1381	2.1155	2.0360
ytpmv	UNU	1024	1.8984	6.6956	1.8970	1.8709	1.8706	1.8706	1.8886	1.8771	1.8715
ytpmv	UTN	128	3.2919	5.2552	2.9423	3.2087	3.1767	3.1767	3.2014	3.1814	2.9756
ytpmv	UTN	256	3.1502	5.8078	3.0996	3.1791	3.1021	3.1021	2.9317	3.1347	3.1054
ytpmv	UTN	512	3.2430	11.4295	3.1668	3.2041	3.1444	3.1444	3.1342	3.1637	3.1253
ytpmv	UTN	1024	2.6678	9.9599	2.6060	2.6345	2.5979	2.5979	2.6378	2.5751	2.6047
ytpmv	UTU	128	3.3186	5.2894	3.1996	3.2431	3.2258	3.2258	3.2462	3.2290	3.0084
ytpmv	UTU	256	3.2424	5.8224	3.1104	3.2028	3.1543	3.1543	3.2116	3.1522	3.1279
ytpmv	UTU	512	3.2125	11.4481	3.1669	3.2059	3.1597	3.1597	3.2175	3.1536	3.1715
ytpmv	UTU	1024	2.6617	9.7791	2.6285	2.6050	2.6025	2.6025	2.6200	2.5885	2.6325
ytrmv	LCN	128	2.9065	4.6202	2.9137	7.0881	2.9117	2.9117	2.7213	2.9214	2.7113
ytrmv	LCN	256	2.5958	5.0800	2.6734	9.0485	2.6819	2.6819	2.8215	2.9434	2.8817
ytrmv	LCN	512	2.9707	10.1492	2.9278	10.5892	2.9510	2.9510	2.9503	2.9631	2.8676
ytrmv	LCN	1024	2.4245	8.6710	2.4248	8.8395	2.4359	2.4359	2.4468	2.4068	2.4587
ytrmv	LCU	128	2.8630	4.6011	2.9296	7.1597	2.9455	2.9455	2.7642	2.9073	2.6014
ytrmv	LCU	256	2.6881	4.8584	2.7068	9.0959	2.7143	2.7143	2.8493	2.6928	2.8050
ytrmv	LCU	512	2.9845	10.1790	2.9338	10.3860	2.9500	2.9500	2.9322	2.9724	2.8614
ytrmv	LCU	1024	2.4414	8.7053	2.3791	8.8607	2.4320	2.4320	2.3748	2.4217	2.4171
ytrmv	LNN	128	2.0827	3.3247	1.9843	5.9681	2.0860	2.0860	1.9509	2.0886	1.9413
ytrmv	LNN	256	1.8923	3.6637	1.9289	7.2213	1.9273	1.9273	2.0511	1.8951	2.0762
ytrmv	LNN	512	2.0903	7.1290	1.9455	7.7241	2.0180	2.0180	2.0969	2.1119	2.0838
ytrmv	LNN	1024	1.8449	6.5843	1.8488	6.9273	1.8407	1.8407	1.8630	1.8478	1.8071
ytrmv	LNU	128	2.1109	3.3416	2.0786	5.9766	2.0809	2.0809	1.9687	2.0958	1.9886
ytrmv	LNU	256	1.9298	3.6787	1.9683	7.2310	2.0482	2.0482	2.0660	1.9469	2.0870
ytrmv	LNU	512	2.1125	7.1022	2.1241	7.7235	2.1245	2.1245	2.0179	2.1228	2.0730
ytrmv	LNU	1024	1.8342	6.6106	1.8316	6.8910	1.8323	1.8323	1.8522	1.7580	1.8536
ytrmv	LTN	128	2.9393	4.9832	3.1126	7.3737	3.0025	3.0025	2.9662	2.9514	2.9488
ytrmv	LTN	256	2.7571	5.4436	2.8648	9.7555	2.9009	2.9009	3.0709	2.7770	3.1352
ytrmv	LTN	512	3.0848	10.9974	3.2185	11.5497	3.2185	3.2185	3.2194	3.2100	3.1870
ytrmv	LTN	1024	2.5848	9.1513	2.5641	9.2779	2.6049	2.6049	2.5879	2.5764	2.5823
ytrmv	LTU	128	3.1941	4.6122	3.1657	7.4232	3.1982	3.1982	3.0027	3.1971	3.0255
ytrmv	LTU	256	2.8503	5.4078	2.8748	9.8434	2.9170	2.9170	3.0944	2.9231	3.1145
ytrmv	LTU	512	3.2345	10.9933	3.2062	11.5926	3.2039	3.2039	3.1948	3.2436	3.1649
ytrmv	LTU	1024	2.6038	9.0151	2.5589	9.4245	2.5757	2.5757	2.5937	2.5807	2.5820
ytrmv	UCN	128	2.8977	4.5156	2.8454	7.9689	2.7932	2.7932	2.7179	2.8997	2.7254
ytrmv	UCN	256	2.5242	4.9619	2.8988	10.0397	2.9006	2.9006	2.8172	2.5583	2.7460
ytrmv	UCN	512	2.9150	10.1132	2.9078	10.7633	2.9075	2.9075	2.8672	2.9160	2.8283
ytrmv	UCN	1024	2.2497	8.7650	2.3405	8.0222	2.3601	2.3601	2.3870	2.3190	2.3541
ytrmv	UCU	128	2.9291	4.5913	2.8679	7.3811	2.8546	2.8546	2.7458	2.9405	2.7517
ytrmv	UCU	256	2.6203	5.0019	2.5160	10.0901	2.5553	2.5553	2.8292	2.5635	2.9051
ytrmv	UCU	512	2.9353	10.1157	2.8807	10.7723	2.9164	2.9164	2.9263	2.8740	2.8984
ytrmv	UCU	1024	2.3274	8.7200	2.3072	8.1164	2.2979	2.2979	2.3062	2.3202	2.2598
ytrmv	UNN	128	1.9840	3.3375	1.8572	6.2851	1.9775	1.9775	1.9420	1.9755	1.9391
ytrmv	UNN	256	2.0572	3.5929	1.7849	7.3301	1.9918	1.9918	2.0236	2.1084	1.9676
ytrmv	UNN	512	2.0825	7.1344	1.9831	7.7472	2.0649	2.0649	2.0849	2.1184	2.0679
ytrmv	UNN	1024	1.8602	6.6071	1.7556	6.9554	1.8418	1.8418	1.8251	1.8445	1.8320
ytrmv	UNU	128	2.1135	3.3416	2.0020	6.3301	2.1087	2.1087	1.9718	2.0809	1.9821
ytrmv	UNU	256	2.1118	3.6987	2.0153	7.3614	2.1154	2.1154	2.0546	2.1235	2.0406
ytrmv	UNU	512	2.1281	7.1393	2.0115	7.7486	2.0952	2.0952	2.0831	2.1072	2.0635
ytrmv	UNU	1024	1.8366	6.6747	1.7696	6.8824	1.8522	1.8522	1.8383	1.8548	1.8545
ytrmv	UTN	128	3.1345	4.8799	3.1111	7.7094	3.1191	3.1191	2.9551	3.1314	2.9295
ytrmv	UTN	256	2.6726	5.1877	2.6505	10.7400	2.7258	2.7258	3.0166	2.7001	2.9773
ytrmv	UTN	512	3.1490	11.0201	3.1430	11.5104	3.1324	3.1324	3.1475	3.0837	3.0779
ytrmv	UTN	1024	2.5590	9.1712	2.5358	8.6238	2.5051	2.5051	2.5208	2.4964	2.4675
ytrmv	UTU	128	3.1650	5.0115	3.1904	7.9265	3.1888	3.1888	2.9910	3.1698	2.9612
ytrmv	UTU	256	2.7611	5.4540	2.7154	10.6153	2.6238	2.6238	3.0515	2.7829	3.0834
ytrmv	UTU	512	3.1482	11.0311	3.1556	11.4518	3.1527	3.1527	3.1575	3.1441	3.0646
ytrmv	UTU	1024	2.4702	9.1700	2.4986	8.5037	2.4797	2.4797	2.4499	2.4805	2.3185
